data,passive,q_factor
D0,,
0,(14.35598925972497-0.16654627652343296j),41.20044685597487
1,(15.24476426137959-0.18862451479258646j),40.14312978822088
2,(16.17037304377316-0.1877962136372743j),37.365987908015036
3,(13.48020721872409-0.17531273688682503j),30.594392602715097
