data,passive,q_factor
D0,,
0,(15.259164078861899-0.167938983767637j),45.09414615747968
1,(16.156762202669068-0.16793911192298006j),41.87687990013125
2,(14.36156640622132-0.1679390051449867j),40.90571822583468
3,(13.463968679558565-0.16793912748626227j),31.759862886238107
